code,description
STATE_OPEN,Сегмент оценён как доступный.
STATE_CONGESTED,Выявлена перегрузка или устойчивая очередь.
STATE_PARTIAL_BLOCK,Часть полос недоступна.
STATE_CLOSED,Сегмент недоступен для движения.
STATE_UNKNOWN,Данных недостаточно для надёжной оценки.
SOURCE_OUTAGE,Отсутствуют ожидаемые сообщения источника.
SOURCE_DELAY,Сообщения приходят с повышенной задержкой.
SOURCE_TIME_SKEW,Выявлено рассогласование времени источника.
SOURCE_FREEZE,Источник повторяет неизменившиеся значения.
SOURCE_DRIFT,Значения источника постепенно смещаются.
SOURCE_PACKET_LOSS,Выявлены потери сообщений.
SOURCE_BIAS,Выявлено устойчивое смещение измерений.
SOURCE_BYZANTINE,"Источник выдаёт правдоподобные, но противоречивые данные."
SOURCE_FALSE_CLOSURE,Сообщение о перекрытии не подтверждено независимыми данными.
SOURCE_STALE,Данные источника устарели.
ODD_VISIBILITY,Видимость ниже порога профиля ODD.
ODD_RAIN,Уровень осадков выше порога профиля ODD.
ODD_GNSS,Качество GNSS ниже порога профиля ODD.
ODD_V2X,Для профиля требуется недоступная связь V2X.
ODD_STRUCTURE,Тип дорожного сооружения не входит в ODD.
ODD_WEIGHT_LIMIT,Масса ВАТС превышает ограничение сегмента.
ODD_MAP_AGE,Возраст бортовой карты выше порога профиля ODD.
ROUTE_CLOSED,Маршрут пересекает закрытый сегмент.
ROUTE_CONGESTED,Маршрут изменён из-за перегрузки.
ROUTE_WEIGHT_LIMIT,Маршрут изменён из-за ограничения массы.
ROUTE_AV_FORBIDDEN,На сегменте запрещено движение ВАТС.
ROUTE_HUB_CAPACITY,Учтена загрузка терминала.
SAFE_STOP_CAPACITY,Учтена вместимость площадки безопасной остановки.
REMOTE_SUPPORT_CAPACITY,Учтён лимит дистанционной поддержки.
LOW_CONFIDENCE,Применена осторожная политика из-за низкой уверенности.
LATE_DATA,Учтено опоздавшее событие.
DUPLICATE_DATA,Выявлено повторное событие.
NO_FRESH_DATA,Нет свежих наблюдений.
AT_HUB_OR_INACTIVE,ВАТС находится вне активного движения либо свежая телеметрия отсутствует.
