node_id,name,kind,x_m,y_m
M00,"Главный ход, км 0",junction,0.0,0.0
M01,"Главный ход, км 10",junction,10000.0,0.0
M02,"Главный ход, км 20",junction,20000.0,0.0
M03,"Главный ход, км 30",junction,30000.0,0.0
M04,"Главный ход, км 40",junction,40000.0,0.0
M05,"Главный ход, км 50",junction,50000.0,0.0
M06,"Главный ход, км 60",junction,60000.0,0.0
M07,"Главный ход, км 70",junction,70000.0,0.0
M08,"Главный ход, км 80",junction,80000.0,0.0
M09,"Главный ход, км 90",junction,90000.0,0.0
M10,"Главный ход, км 100",junction,100000.0,0.0
M11,"Главный ход, км 110",junction,110000.0,0.0
M12,"Главный ход, км 120",junction,120000.0,0.0
M13,"Главный ход, км 130",junction,130000.0,0.0
M14,"Главный ход, км 140",junction,140000.0,0.0
M15,"Главный ход, км 150",junction,150000.0,0.0
N00,Северный обход 1,junction,30000,18000.0
N01,Северный обход 2,junction,41250,19339.4
N02,Северный обход 3,junction,52500,20474.9
N03,Северный обход 4,junction,63750,21233.6
N04,Северный обход 5,junction,75000,21500.0
N05,Северный обход 6,junction,86250,21233.6
N06,Северный обход 7,junction,97500,20474.9
N07,Северный обход 8,junction,108750,19339.4
N08,Северный обход 9,junction,120000,18000.0
B00,Южный обход 1,junction,50000,-20000.0
B01,Южный обход 2,junction,61250,-21530.7
B02,Южный обход 3,junction,72500,-22828.4
B03,Южный обход 4,junction,83750,-23695.5
B04,Южный обход 5,junction,95000,-24000.0
B05,Южный обход 6,junction,106250,-23695.5
B06,Южный обход 7,junction,117500,-22828.4
B07,Южный обход 8,junction,128750,-21530.7
B08,Южный обход 9,junction,140000,-20000.0
