segment_id,from_node,to_node,length_m,lanes,speed_limit_kmh,capacity_vph,road_group,direction,road_class,v2x_zone,structure,weight_limit_t,av_allowed,base_flow_vph
S001,M00,M01,10550.0,3,110,5550,MAIN,E,motorway,V2X-01,open,44.0,1,3900
S002,M01,M00,10950.0,3,110,5550,MAIN,W,motorway,V2X-01,open,44.0,1,3666.0
S003,M01,M02,10350.0,3,110,5550,MAIN,E,motorway,V2X-01,open,44.0,1,4150
S004,M02,M01,10750.0,3,110,5550,MAIN,W,motorway,V2X-01,open,44.0,1,3901.0
S005,M02,M03,10150.0,3,110,5550,MAIN,E,motorway,V2X-01,open,44.0,1,4400
S006,M03,M02,10550.0,3,110,5550,MAIN,W,motorway,V2X-01,open,44.0,1,4136.0
S007,M03,M04,10950.0,4,110,7400,MAIN,E,motorway,V2X-01,open,44.0,1,3900
S008,M04,M03,10350.0,4,110,7400,MAIN,W,motorway,V2X-02,open,44.0,1,3666.0
S009,M04,M05,10750.0,3,110,5550,MAIN,E,motorway,V2X-02,open,44.0,1,4150
S010,M05,M04,10150.0,3,110,5550,MAIN,W,motorway,V2X-02,open,44.0,1,3901.0
S011,M05,M06,10550.0,3,110,5550,MAIN,E,motorway,V2X-02,open,44.0,1,4400
S012,M06,M05,10950.0,3,110,5550,MAIN,W,motorway,V2X-02,open,44.0,1,4136.0
S013,M06,M07,10350.0,3,110,5550,MAIN,E,motorway,V2X-02,open,44.0,1,3900
S014,M07,M06,10750.0,3,110,5550,MAIN,W,motorway,V2X-02,open,44.0,1,3666.0
S015,M07,M08,10150.0,3,110,5550,MAIN,E,motorway,V2X-03,tunnel,44.0,1,4150
S016,M08,M07,10550.0,3,110,5550,MAIN,W,motorway,V2X-03,tunnel,44.0,1,3901.0
S017,M08,M09,10950.0,3,110,5550,MAIN,E,motorway,V2X-03,tunnel,44.0,1,4400
S018,M09,M08,10350.0,3,110,5550,MAIN,W,motorway,V2X-03,tunnel,44.0,1,4136.0
S019,M09,M10,10750.0,3,110,5550,MAIN,E,motorway,V2X-03,open,44.0,1,3900
S020,M10,M09,10150.0,3,110,5550,MAIN,W,motorway,V2X-03,open,44.0,1,3666.0
S021,M10,M11,10550.0,3,110,5550,MAIN,E,motorway,V2X-03,open,44.0,1,4150
S022,M11,M10,10950.0,3,110,5550,MAIN,W,motorway,V2X-04,open,44.0,1,3901.0
S023,M11,M12,10350.0,3,110,5550,MAIN,E,motorway,V2X-04,bridge,44.0,1,4400
S024,M12,M11,10750.0,3,110,5550,MAIN,W,motorway,V2X-04,bridge,44.0,1,4136.0
S025,M12,M13,10150.0,4,110,7400,MAIN,E,motorway,V2X-04,open,44.0,1,3900
S026,M13,M12,10550.0,4,110,7400,MAIN,W,motorway,V2X-04,open,44.0,1,3666.0
S027,M13,M14,10950.0,3,110,5550,MAIN,E,motorway,V2X-04,open,44.0,1,4150
S028,M14,M13,10350.0,3,110,5550,MAIN,W,motorway,V2X-04,open,44.0,1,3901.0
S029,M14,M15,10750.0,3,110,5550,MAIN,E,motorway,V2X-05,open,44.0,1,4400
S030,M15,M14,10150.0,3,110,5550,MAIN,W,motorway,V2X-05,open,44.0,1,4136.0
S031,M03,N00,18990.0,2,90,3700,NORTH,N,motorway_link,V2X-05,open,44.0,1,1450
S032,N00,M03,19710.0,2,90,3700,NORTH,S,motorway_link,V2X-05,open,44.0,1,1363.0
S033,N00,N01,11726.0,2,100,3700,NORTH,E,motorway,V2X-05,open,44.0,1,1600
S034,N01,N00,12179.2,2,100,3700,NORTH,W,motorway,V2X-05,open,44.0,1,1504.0
S035,N01,N02,11476.8,2,100,3700,NORTH,E,motorway,V2X-05,open,44.0,1,1780
S036,N02,N01,11929.1,2,100,3700,NORTH,W,motorway,V2X-06,open,44.0,1,1673.1999999999998
S037,N02,N03,12346.7,2,100,3700,NORTH,E,motorway,V2X-06,open,44.0,1,1600
S038,N03,N02,11670.2,2,100,3700,NORTH,W,motorway,V2X-06,open,44.0,1,1504.0
S039,N03,N04,12097.1,2,100,3700,NORTH,E,motorway,V2X-06,open,44.0,1,1780
S040,N04,N03,11422.0,2,100,3700,NORTH,W,motorway,V2X-06,open,44.0,1,1673.1999999999998
S041,N04,N05,11872.1,2,100,3700,NORTH,E,motorway,V2X-06,open,44.0,1,1600
S042,N05,N04,12322.2,2,100,3700,NORTH,W,motorway,V2X-06,open,44.0,1,1504.0
S043,N05,N06,11670.2,2,100,3700,NORTH,E,motorway,V2X-07,open,44.0,1,1780
S044,N06,N05,12121.2,2,100,3700,NORTH,W,motorway,V2X-07,open,44.0,1,1673.1999999999998
S045,N06,N07,11476.8,2,100,3700,NORTH,E,motorway,V2X-07,open,44.0,1,1600
S046,N07,N06,11929.1,2,100,3700,NORTH,W,motorway,V2X-07,open,44.0,1,1504.0
S047,N07,N08,12405.7,2,100,3700,NORTH,E,motorway,V2X-07,open,44.0,1,1780
S048,N08,N07,11726.0,2,100,3700,NORTH,W,motorway,V2X-07,open,44.0,1,1673.1999999999998
S049,N08,M12,19350.0,2,90,3700,NORTH,S,motorway_link,V2X-07,open,44.0,1,1450
S050,M12,N08,18270.0,2,90,3700,NORTH,N,motorway_link,V2X-08,open,44.0,1,1363.0
S051,M05,B00,21100.0,2,90,3700,SOUTH,S,motorway_link,V2X-08,open,40.0,1,1250
S052,B00,M05,21900.0,2,90,3700,SOUTH,N,motorway_link,V2X-08,open,40.0,1,1175.0
S053,B00,B01,11751.0,2,90,3700,SOUTH,E,trunk,V2X-08,open,40.0,1,1450
S054,B01,B00,12205.2,2,90,3700,SOUTH,W,trunk,V2X-08,open,40.0,1,1363.0
S055,B01,B02,11494.5,2,90,3700,SOUTH,E,trunk,V2X-08,open,40.0,1,1570
S056,B02,B01,11947.5,2,90,3700,SOUTH,W,trunk,V2X-08,open,40.0,1,1475.8
S057,B02,B03,12355.3,2,90,3700,SOUTH,E,trunk,V2X-09,open,40.0,1,1690
S058,B03,B02,11678.3,2,90,3700,SOUTH,W,trunk,V2X-09,open,40.0,1,1588.6
S059,B03,B04,12098.2,2,90,3700,SOUTH,E,trunk,V2X-09,open,40.0,1,1450
S060,B04,B03,11422.9,2,90,3700,SOUTH,W,trunk,V2X-09,open,40.0,1,1363.0
S061,B04,B05,11873.1,2,90,3700,SOUTH,E,trunk,V2X-09,bridge,40.0,1,1570
S062,B05,B04,12323.3,2,90,3700,SOUTH,W,trunk,V2X-09,bridge,40.0,1,1475.8
S063,B05,B06,11678.3,2,90,3700,SOUTH,E,trunk,V2X-09,open,40.0,1,1690
S064,B06,B05,12129.6,2,90,3700,SOUTH,W,trunk,V2X-10,open,40.0,1,1588.6
S065,B06,B07,11494.5,2,90,3700,SOUTH,E,trunk,V2X-10,open,40.0,1,1450
S066,B07,B06,11947.5,2,90,3700,SOUTH,W,trunk,V2X-10,open,40.0,1,1363.0
S067,B07,B08,12432.3,2,90,3700,SOUTH,E,trunk,V2X-10,open,40.0,1,1570
S068,B08,B07,11751.0,2,90,3700,SOUTH,W,trunk,V2X-10,open,40.0,1,1475.8
S069,B08,M14,21500.0,2,80,3700,SOUTH,N,motorway_link,V2X-10,open,40.0,1,1200
S070,M14,B08,20300.0,2,80,3700,SOUTH,S,motorway_link,V2X-10,open,40.0,1,1128.0
S071,N02,M05,21761.4,1,70,1850,CONNECTOR,W,trunk_link,V2X-11,open,44.0,1,700
S072,M05,N02,22586.5,1,70,1850,CONNECTOR,E,trunk_link,V2X-11,open,44.0,1,658.0
S073,N03,M07,22909.0,2,70,3700,CONNECTOR,E,trunk_link,V2X-11,open,44.0,1,790
S074,M07,N03,23794.4,2,70,3700,CONNECTOR,W,trunk_link,V2X-11,open,44.0,1,742.5999999999999
S075,N05,M09,21885.6,2,70,3700,CONNECTOR,E,trunk_link,V2X-11,open,44.0,1,880
S076,M09,N05,22748.1,2,70,3700,CONNECTOR,W,trunk_link,V2X-11,open,44.0,1,827.1999999999999
S077,N06,M10,22586.5,1,70,1850,CONNECTOR,E,trunk_link,V2X-11,open,44.0,1,970
S078,M10,N06,21348.9,1,70,1850,CONNECTOR,W,trunk_link,V2X-12,open,44.0,1,911.8
S079,B02,M07,24687.3,2,70,3700,CONNECTOR,W,trunk_link,V2X-12,open,38.0,1,700
S080,M07,B02,23309.4,2,70,3700,CONNECTOR,E,trunk_link,V2X-12,open,38.0,1,658.0
S081,B03,M08,25309.9,2,70,3700,CONNECTOR,W,trunk_link,V2X-12,open,38.0,1,790
S082,M08,B03,26269.5,2,70,3700,CONNECTOR,E,trunk_link,V2X-12,open,38.0,1,742.5999999999999
S083,B05,M11,24830.1,1,70,1850,CONNECTOR,E,trunk_link,V2X-12,open,38.0,1,880
S084,M11,B05,25789.7,1,70,1850,CONNECTOR,W,trunk_link,V2X-12,open,38.0,1,827.1999999999999
S085,B06,M12,23309.4,2,70,3700,CONNECTOR,E,trunk_link,V2X-13,open,38.0,1,970
S086,M12,B06,24228.0,2,70,3700,CONNECTOR,W,trunk_link,V2X-13,open,38.0,1,911.8
