safe_stop_id,segment_id,capacity_vehicles,has_remote_link,max_vehicle_mass_t,name
SS-01,S005,4,True,44,Площадка безопасной остановки 1
SS-02,S013,6,True,44,Площадка безопасной остановки 2
SS-03,S021,5,True,44,Площадка безопасной остановки 3
SS-04,S027,7,True,44,Площадка безопасной остановки 4
SS-05,S034,4,True,44,Площадка безопасной остановки 5
SS-06,S042,5,True,44,Площадка безопасной остановки 6
SS-07,S054,3,False,40,Площадка безопасной остановки 7
SS-08,S062,6,True,40,Площадка безопасной остановки 8
SS-09,S075,3,False,44,Площадка безопасной остановки 9
SS-10,S083,4,True,44,Площадка безопасной остановки 10
