rsu_id,v2x_zone,covered_segments,protocol_profile,nominal_latency_ms
RSU-01,V2X-01,S001|S002|S003|S004|S005|S006|S007,ITS-G5-LIKE,42
RSU-02,V2X-02,S008|S009|S010|S011|S012|S013|S014,ITS-G5-LIKE,49
RSU-03,V2X-03,S015|S016|S017|S018|S019|S020|S021,ITS-G5-LIKE,56
RSU-04,V2X-04,S022|S023|S024|S025|S026|S027|S028,ITS-G5-LIKE,35
RSU-05,V2X-05,S029|S030|S031|S032|S033|S034|S035,ITS-G5-LIKE,42
RSU-06,V2X-06,S036|S037|S038|S039|S040|S041|S042,ITS-G5-LIKE,49
RSU-07,V2X-07,S043|S044|S045|S046|S047|S048|S049,ITS-G5-LIKE,56
RSU-08,V2X-08,S050|S051|S052|S053|S054|S055|S056,ITS-G5-LIKE,35
RSU-09,V2X-09,S057|S058|S059|S060|S061|S062|S063,ITS-G5-LIKE,42
RSU-10,V2X-10,S064|S065|S066|S067|S068|S069|S070,ITS-G5-LIKE,49
RSU-11,V2X-11,S071|S072|S073|S074|S075|S076|S077,ITS-G5-LIKE,56
RSU-12,V2X-12,S078|S079|S080|S081|S082|S083|S084,ITS-G5-LIKE,35
RSU-13,V2X-13,S085|S086,ITS-G5-LIKE,42
