source_id,source_type,segment_id,sampling_period_sec,nominal_accuracy
DET-001,ROAD_DETECTOR,S002,5,0.96
DET-002,ROAD_DETECTOR,S006,5,0.96
DET-003,ROAD_DETECTOR,S010,5,0.96
DET-004,ROAD_DETECTOR,S014,5,0.96
DET-005,ROAD_DETECTOR,S018,5,0.96
DET-006,ROAD_DETECTOR,S022,5,0.96
DET-007,ROAD_DETECTOR,S026,5,0.96
DET-008,ROAD_DETECTOR,S030,5,0.96
DET-009,ROAD_DETECTOR,S034,5,0.96
DET-010,ROAD_DETECTOR,S038,5,0.96
DET-011,ROAD_DETECTOR,S042,5,0.96
DET-012,ROAD_DETECTOR,S046,5,0.96
DET-013,ROAD_DETECTOR,S050,5,0.96
DET-014,ROAD_DETECTOR,S054,5,0.96
DET-015,ROAD_DETECTOR,S058,5,0.96
DET-016,ROAD_DETECTOR,S062,5,0.96
DET-017,ROAD_DETECTOR,S066,5,0.96
DET-018,ROAD_DETECTOR,S070,5,0.96
DET-019,ROAD_DETECTOR,S074,5,0.96
DET-020,ROAD_DETECTOR,S078,5,0.96
CAM-001,VIDEO_ANALYTICS,S005,5,0.92
CAM-002,VIDEO_ANALYTICS,S014,5,0.92
CAM-003,VIDEO_ANALYTICS,S023,5,0.92
CAM-004,VIDEO_ANALYTICS,S032,5,0.92
CAM-005,VIDEO_ANALYTICS,S041,5,0.92
CAM-006,VIDEO_ANALYTICS,S050,5,0.92
CAM-007,VIDEO_ANALYTICS,S059,5,0.92
CAM-008,VIDEO_ANALYTICS,S068,5,0.92
