vehicle_id,manufacturer_group,odd_profile_id,gross_mass_t,length_m,origin_hub_id,destination_hub_id,cargo_priority,onboard_map_version,nominal_max_speed_kmh
AV-001,MFG-A,ODD-A,27.3,11.8,HUB-01,HUB-02,5,2026092801,90
AV-002,MFG-B,ODD-B,20.3,15.1,HUB-02,HUB-01,1,2026092800,85
AV-003,MFG-C,ODD-C,19.2,16.0,HUB-03,HUB-04,1,2026092799,80
AV-004,MFG-A,ODD-D,20.2,15.0,HUB-04,HUB-03,2,2026092798,88
AV-005,MFG-B,ODD-A,38.4,15.0,HUB-01,HUB-02,1,2026092801,90
AV-006,MFG-C,ODD-B,42.6,13.0,HUB-02,HUB-01,3,2026092800,85
AV-007,MFG-A,ODD-C,18.9,12.2,HUB-03,HUB-04,2,2026092799,80
AV-008,MFG-B,ODD-D,36.4,11.7,HUB-04,HUB-03,1,2026092798,88
AV-009,MFG-C,ODD-A,30.6,14.3,HUB-01,HUB-02,1,2026092801,90
AV-010,MFG-A,ODD-B,39.2,12.2,HUB-02,HUB-01,4,2026092800,85
AV-011,MFG-B,ODD-C,28.2,11.7,HUB-03,HUB-04,3,2026092799,80
AV-012,MFG-C,ODD-D,35.5,12.0,HUB-04,HUB-03,1,2026092798,88
AV-013,MFG-A,ODD-A,34.4,12.2,HUB-01,HUB-02,2,2026092801,90
AV-014,MFG-B,ODD-B,38.2,11.6,HUB-02,HUB-01,1,2026092800,85
AV-015,MFG-C,ODD-C,25.5,13.7,HUB-03,HUB-04,1,2026092799,80
AV-016,MFG-A,ODD-D,32.3,12.5,HUB-04,HUB-03,3,2026092798,88
AV-017,MFG-B,ODD-A,27.4,12.5,HUB-01,HUB-02,1,2026092801,90
AV-018,MFG-C,ODD-B,41.4,14.5,HUB-02,HUB-01,5,2026092800,85
AV-019,MFG-A,ODD-C,39.0,13.0,HUB-03,HUB-04,4,2026092799,80
AV-020,MFG-B,ODD-D,29.5,14.8,HUB-04,HUB-03,1,2026092798,88
AV-021,MFG-C,ODD-A,33.7,16.1,HUB-01,HUB-02,3,2026092801,90
AV-022,MFG-A,ODD-B,26.2,12.1,HUB-02,HUB-01,2,2026092800,85
AV-023,MFG-B,ODD-C,23.7,16.5,HUB-03,HUB-04,1,2026092799,80
AV-024,MFG-C,ODD-D,30.9,15.9,HUB-04,HUB-03,1,2026092798,88
AV-025,MFG-A,ODD-A,37.9,15.5,HUB-01,HUB-02,2,2026092801,90
AV-026,MFG-B,ODD-B,39.7,14.2,HUB-02,HUB-01,3,2026092800,85
AV-027,MFG-C,ODD-C,35.1,13.6,HUB-03,HUB-04,1,2026092799,80
AV-028,MFG-A,ODD-D,20.6,12.0,HUB-04,HUB-03,4,2026092798,88
AV-029,MFG-B,ODD-A,37.0,13.4,HUB-01,HUB-02,1,2026092801,90
AV-030,MFG-C,ODD-B,35.4,11.7,HUB-02,HUB-01,1,2026092800,85
AV-031,MFG-A,ODD-C,25.8,13.9,HUB-03,HUB-04,3,2026092799,80
AV-032,MFG-B,ODD-D,21.1,14.5,HUB-04,HUB-03,1,2026092798,88
AV-033,MFG-C,ODD-A,18.0,12.8,HUB-01,HUB-02,1,2026092801,90
AV-034,MFG-A,ODD-B,30.1,15.3,HUB-02,HUB-01,2,2026092800,85
AV-035,MFG-B,ODD-C,21.7,16.3,HUB-03,HUB-04,5,2026092799,80
AV-036,MFG-C,ODD-D,32.4,13.2,HUB-04,HUB-03,3,2026092798,88
AV-037,MFG-A,ODD-A,27.4,16.1,HUB-01,HUB-02,4,2026092801,90
AV-038,MFG-B,ODD-B,25.5,14.9,HUB-02,HUB-01,1,2026092800,85
AV-039,MFG-C,ODD-C,34.3,12.6,HUB-03,HUB-04,1,2026092799,80
AV-040,MFG-A,ODD-D,38.5,11.8,HUB-04,HUB-03,2,2026092798,88
AV-041,MFG-B,ODD-A,32.5,13.6,HUB-01,HUB-02,3,2026092801,90
AV-042,MFG-C,ODD-B,22.0,15.0,HUB-02,HUB-01,1,2026092800,85
AV-043,MFG-A,ODD-C,37.7,15.5,HUB-03,HUB-04,2,2026092799,80
AV-044,MFG-B,ODD-D,37.7,16.4,HUB-04,HUB-03,1,2026092798,88
AV-045,MFG-C,ODD-A,21.5,11.5,HUB-01,HUB-02,1,2026092801,90
AV-046,MFG-A,ODD-B,25.1,13.7,HUB-02,HUB-01,4,2026092800,85
AV-047,MFG-B,ODD-C,29.3,15.6,HUB-03,HUB-04,1,2026092799,80
AV-048,MFG-C,ODD-D,21.3,13.4,HUB-04,HUB-03,1,2026092798,88
AV-049,MFG-A,ODD-A,28.5,13.6,HUB-01,HUB-02,2,2026092801,90
AV-050,MFG-B,ODD-B,22.8,15.3,HUB-02,HUB-01,1,2026092800,85
AV-051,MFG-C,ODD-C,35.5,15.1,HUB-03,HUB-04,3,2026092799,80
AV-052,MFG-A,ODD-D,31.3,14.6,HUB-04,HUB-03,5,2026092798,88
AV-053,MFG-B,ODD-A,40.4,13.5,HUB-01,HUB-02,1,2026092801,90
AV-054,MFG-C,ODD-B,42.3,14.9,HUB-02,HUB-01,1,2026092800,85
AV-055,MFG-A,ODD-C,38.1,13.8,HUB-03,HUB-04,4,2026092799,80
AV-056,MFG-B,ODD-D,37.8,12.1,HUB-04,HUB-03,3,2026092798,88
AV-057,MFG-C,ODD-A,39.1,13.3,HUB-01,HUB-02,1,2026092801,90
AV-058,MFG-A,ODD-B,38.0,14.3,HUB-02,HUB-01,2,2026092800,85
AV-059,MFG-B,ODD-C,21.3,12.2,HUB-03,HUB-04,1,2026092799,80
AV-060,MFG-C,ODD-D,40.2,15.9,HUB-04,HUB-03,1,2026092798,88
AV-061,MFG-A,ODD-A,36.7,11.7,HUB-01,HUB-02,3,2026092801,90
AV-062,MFG-B,ODD-B,20.5,12.4,HUB-02,HUB-01,1,2026092800,85
AV-063,MFG-C,ODD-C,26.5,12.8,HUB-03,HUB-04,1,2026092799,80
AV-064,MFG-A,ODD-D,28.8,13.7,HUB-04,HUB-03,4,2026092798,88
AV-065,MFG-B,ODD-A,29.1,14.7,HUB-01,HUB-02,1,2026092801,90
AV-066,MFG-C,ODD-B,41.1,16.2,HUB-02,HUB-01,3,2026092800,85
AV-067,MFG-A,ODD-C,29.9,13.0,HUB-03,HUB-04,2,2026092799,80
AV-068,MFG-B,ODD-D,37.0,15.4,HUB-04,HUB-03,1,2026092798,88
AV-069,MFG-C,ODD-A,34.9,16.0,HUB-01,HUB-02,5,2026092801,90
AV-070,MFG-A,ODD-B,40.6,11.8,HUB-02,HUB-01,2,2026092800,85
AV-071,MFG-B,ODD-C,35.6,13.5,HUB-03,HUB-04,3,2026092799,80
AV-072,MFG-C,ODD-D,19.8,12.9,HUB-04,HUB-03,1,2026092798,88
