order_id,vehicle_id,origin_hub_id,destination_hub_id,cargo_class,priority,deadline_offset_min,penalty_per_min
ORD-0001,AV-001,HUB-01,HUB-02,GENERAL,5,480,1
ORD-0002,AV-002,HUB-02,HUB-01,FOOD,1,240,3
ORD-0003,AV-003,HUB-03,HUB-04,MEDICAL,1,90,12
ORD-0004,AV-004,HUB-04,HUB-03,ELECTRONICS,2,180,5
ORD-0005,AV-005,HUB-01,HUB-02,INDUSTRIAL,1,360,2
ORD-0006,AV-006,HUB-02,HUB-01,GENERAL,3,480,1
ORD-0007,AV-007,HUB-03,HUB-04,FOOD,2,240,3
ORD-0008,AV-008,HUB-04,HUB-03,MEDICAL,1,90,12
ORD-0009,AV-009,HUB-01,HUB-02,ELECTRONICS,1,180,5
ORD-0010,AV-010,HUB-02,HUB-01,INDUSTRIAL,4,360,2
ORD-0011,AV-011,HUB-03,HUB-04,GENERAL,3,480,1
ORD-0012,AV-012,HUB-04,HUB-03,FOOD,1,240,3
ORD-0013,AV-013,HUB-01,HUB-02,MEDICAL,2,90,12
ORD-0014,AV-014,HUB-02,HUB-01,ELECTRONICS,1,180,5
ORD-0015,AV-015,HUB-03,HUB-04,INDUSTRIAL,1,360,2
ORD-0016,AV-016,HUB-04,HUB-03,GENERAL,3,480,1
ORD-0017,AV-017,HUB-01,HUB-02,FOOD,1,240,3
ORD-0018,AV-018,HUB-02,HUB-01,MEDICAL,5,90,12
ORD-0019,AV-019,HUB-03,HUB-04,ELECTRONICS,4,180,5
ORD-0020,AV-020,HUB-04,HUB-03,INDUSTRIAL,1,360,2
ORD-0021,AV-021,HUB-01,HUB-02,GENERAL,3,480,1
ORD-0022,AV-022,HUB-02,HUB-01,FOOD,2,240,3
ORD-0023,AV-023,HUB-03,HUB-04,MEDICAL,1,90,12
ORD-0024,AV-024,HUB-04,HUB-03,ELECTRONICS,1,180,5
ORD-0025,AV-025,HUB-01,HUB-02,INDUSTRIAL,2,360,2
ORD-0026,AV-026,HUB-02,HUB-01,GENERAL,3,480,1
ORD-0027,AV-027,HUB-03,HUB-04,FOOD,1,240,3
ORD-0028,AV-028,HUB-04,HUB-03,MEDICAL,4,90,12
ORD-0029,AV-029,HUB-01,HUB-02,ELECTRONICS,1,180,5
ORD-0030,AV-030,HUB-02,HUB-01,INDUSTRIAL,1,360,2
ORD-0031,AV-031,HUB-03,HUB-04,GENERAL,3,480,1
ORD-0032,AV-032,HUB-04,HUB-03,FOOD,1,240,3
ORD-0033,AV-033,HUB-01,HUB-02,MEDICAL,1,90,12
ORD-0034,AV-034,HUB-02,HUB-01,ELECTRONICS,2,180,5
ORD-0035,AV-035,HUB-03,HUB-04,INDUSTRIAL,5,360,2
ORD-0036,AV-036,HUB-04,HUB-03,GENERAL,3,480,1
ORD-0037,AV-037,HUB-01,HUB-02,FOOD,4,240,3
ORD-0038,AV-038,HUB-02,HUB-01,MEDICAL,1,90,12
ORD-0039,AV-039,HUB-03,HUB-04,ELECTRONICS,1,180,5
ORD-0040,AV-040,HUB-04,HUB-03,INDUSTRIAL,2,360,2
ORD-0041,AV-041,HUB-01,HUB-02,GENERAL,3,480,1
ORD-0042,AV-042,HUB-02,HUB-01,FOOD,1,240,3
ORD-0043,AV-043,HUB-03,HUB-04,MEDICAL,2,90,12
ORD-0044,AV-044,HUB-04,HUB-03,ELECTRONICS,1,180,5
ORD-0045,AV-045,HUB-01,HUB-02,INDUSTRIAL,1,360,2
ORD-0046,AV-046,HUB-02,HUB-01,GENERAL,4,480,1
ORD-0047,AV-047,HUB-03,HUB-04,FOOD,1,240,3
ORD-0048,AV-048,HUB-04,HUB-03,MEDICAL,1,90,12
ORD-0049,AV-049,HUB-01,HUB-02,ELECTRONICS,2,180,5
ORD-0050,AV-050,HUB-02,HUB-01,INDUSTRIAL,1,360,2
ORD-0051,AV-051,HUB-03,HUB-04,GENERAL,3,480,1
ORD-0052,AV-052,HUB-04,HUB-03,FOOD,5,240,3
ORD-0053,AV-053,HUB-01,HUB-02,MEDICAL,1,90,12
ORD-0054,AV-054,HUB-02,HUB-01,ELECTRONICS,1,180,5
ORD-0055,AV-055,HUB-03,HUB-04,INDUSTRIAL,4,360,2
ORD-0056,AV-056,HUB-04,HUB-03,GENERAL,3,480,1
ORD-0057,AV-057,HUB-01,HUB-02,FOOD,1,240,3
ORD-0058,AV-058,HUB-02,HUB-01,MEDICAL,2,90,12
ORD-0059,AV-059,HUB-03,HUB-04,ELECTRONICS,1,180,5
ORD-0060,AV-060,HUB-04,HUB-03,INDUSTRIAL,1,360,2
ORD-0061,AV-061,HUB-01,HUB-02,GENERAL,3,480,1
ORD-0062,AV-062,HUB-02,HUB-01,FOOD,1,240,3
ORD-0063,AV-063,HUB-03,HUB-04,MEDICAL,1,90,12
ORD-0064,AV-064,HUB-04,HUB-03,ELECTRONICS,4,180,5
ORD-0065,AV-065,HUB-01,HUB-02,INDUSTRIAL,1,360,2
ORD-0066,AV-066,HUB-02,HUB-01,GENERAL,3,480,1
ORD-0067,AV-067,HUB-03,HUB-04,FOOD,2,240,3
ORD-0068,AV-068,HUB-04,HUB-03,MEDICAL,1,90,12
ORD-0069,AV-069,HUB-01,HUB-02,ELECTRONICS,5,180,5
ORD-0070,AV-070,HUB-02,HUB-01,INDUSTRIAL,2,360,2
ORD-0071,AV-071,HUB-03,HUB-04,GENERAL,3,480,1
ORD-0072,AV-072,HUB-04,HUB-03,FOOD,1,240,3
