source_id,source_type,expected_period_sec,coverage
CAM-001,VIDEO_ANALYTICS,5,S005
CAM-002,VIDEO_ANALYTICS,5,S014
CAM-003,VIDEO_ANALYTICS,5,S023
CAM-004,VIDEO_ANALYTICS,5,S032
CAM-005,VIDEO_ANALYTICS,5,S041
CAM-006,VIDEO_ANALYTICS,5,S050
CAM-007,VIDEO_ANALYTICS,5,S059
CAM-008,VIDEO_ANALYTICS,5,S068
DET-001,ROAD_DETECTOR,5,S002
DET-002,ROAD_DETECTOR,5,S006
DET-003,ROAD_DETECTOR,5,S010
DET-004,ROAD_DETECTOR,5,S014
DET-005,ROAD_DETECTOR,5,S018
DET-006,ROAD_DETECTOR,5,S022
DET-007,ROAD_DETECTOR,5,S026
DET-008,ROAD_DETECTOR,5,S030
DET-009,ROAD_DETECTOR,5,S034
DET-010,ROAD_DETECTOR,5,S038
DET-011,ROAD_DETECTOR,5,S042
DET-012,ROAD_DETECTOR,5,S046
DET-013,ROAD_DETECTOR,5,S050
DET-014,ROAD_DETECTOR,5,S054
DET-015,ROAD_DETECTOR,5,S058
DET-016,ROAD_DETECTOR,5,S062
DET-017,ROAD_DETECTOR,5,S066
DET-018,ROAD_DETECTOR,5,S070
DET-019,ROAD_DETECTOR,5,S074
DET-020,ROAD_DETECTOR,5,S078
DT-CORE,DIGITAL_TWIN,30,all_segments
RSU-01,RSU,2,V2X-01
RSU-02,RSU,2,V2X-02
RSU-03,RSU,2,V2X-03
RSU-04,RSU,2,V2X-04
RSU-05,RSU,2,V2X-05
RSU-06,RSU,2,V2X-06
RSU-07,RSU,2,V2X-07
RSU-08,RSU,2,V2X-08
RSU-09,RSU,2,V2X-09
RSU-10,RSU,2,V2X-10
RSU-11,RSU,2,V2X-11
RSU-12,RSU,2,V2X-12
RSU-13,RSU,2,V2X-13
WX-01,WEATHER,10,radius=30000m
WX-02,WEATHER,10,radius=30000m
WX-03,WEATHER,10,radius=30000m
WX-04,WEATHER,10,radius=30000m
WX-05,WEATHER,10,radius=30000m
WX-06,WEATHER,10,radius=30000m
WX-07,WEATHER,10,radius=30000m
WX-08,WEATHER,10,radius=30000m
